{
    "model": "MLP",
    "roc_auc": 0.898150979402522,
    "accuracy": 0.8224568138195777,
    "precision": 0.9307692307692308,
    "recall": 0.6967370441458733,
    "f1": 0.7969264544456641
}