{
    "model": "Random_Forest",
    "accuracy": 0.7775768535262206,
    "precision": 0.7771036920245551,
    "recall": 0.7775768535262206,
    "f1": 0.7765928412075145,
    "roc_auc": NaN
}